{
    "loss": 0.8552390933036804,
    "accuracy": 0.9568345546722412
}