{
    "loss": 2.542238235473633,
    "accuracy": 0.5755395889282227
}